{"cameraMode":{"drawMode":0,"name":"Shaded","section":"Shading Mode"},"sceneLighting":false,"audioPlay":false,"sceneViewState":{"m_AlwaysRefresh":false,"showFog":true,"showSkybox":true,"showFlares":true,"showImageEffects":true,"showParticleSystems":true,"showVisualEffectGraphs":true,"m_FxEnabled":true},"in2DMode":false,"pivot":{"x":31.185806274414064,"y":-29.053842544555665,"z":17.085159301757814},"rotation":{"x":-0.4280427098274231,"y":-0.49790000915527346,"z":0.30997487902641299,"w":-0.6876325607299805},"size":19.083538055419923,"orthographic":false}