{"cameraMode":{"drawMode":0,"name":"Shaded","section":"Shading Mode"},"sceneLighting":false,"audioPlay":false,"sceneViewState":{"m_AlwaysRefresh":false,"showFog":true,"showSkybox":true,"showFlares":true,"showImageEffects":true,"showParticleSystems":true,"showVisualEffectGraphs":true,"m_FxEnabled":true},"in2DMode":false,"pivot":{"x":18.45662498474121,"y":1.2858747243881226,"z":6.1410698890686039},"rotation":{"x":0.016080088913440706,"y":0.7096989154815674,"z":-0.01617595925927162,"w":0.7041639685630798},"size":1.9059932231903077,"orthographic":false}